{
  "project_info": {
    "project_number": "575289484911",
    "project_id": "flutterapp2024-c4ede",
    "storage_bucket": "flutterapp2024-c4ede.firebasestorage.app"
  },
  "client": [
    {
      "client_info": {
        "mobilesdk_app_id": "1:575289484911:android:06dc13429a732d8d560f9a",
        "android_client_info": {
          "package_name": "com.example.firebaselab"
        }
      },
      "oauth_client": [],
      "api_key": [
        {
          "current_key": "AIzaSyCYE2ei7smk8DYk5Rms-HECWEMdF2g7zgk"
        }
      ],
      "services": {
        "appinvite_service": {
          "other_platform_oauth_client": []
        }
      }
    }
  ],
  "configuration_version": "1"
}